Region,InstrumentType,ContractName,MaxOrderNotional,MaxOrderNotional (spread),MaxOrderQuantity,MaxOrderQuantity (spread),MaxLiveNotional,MaxLiveNotional(spread),MaxLiveQuantity,MaxLiveQuantity (spread)
APAC,BondFuture,10TB,2300000,2140000,100,20,30000000,30000000,30,30
APAC,BondFuture,AUL,2300000,2300000,45,45,30000000,30000000,30,30
APAC,CommodityFuture,COI,150000,5000000,4,200,300000,30000000,30,200
APAC,CommodityFuture,CRSM,200000,5000000,4,400,300000,30000000,10,400
APAC,CommodityFuture,CTA,350000,5000000,4,1000,300000,30000000,10,1000
APAC,CommodityFuture,CZPK,300000,5000000,4,90,300000,30000000,10,90
APAC,CommodityFuture,DBY,150000,5000000,4,200,300000,30000000,10,200
APAC,CommodityFuture,DCIO,150000,5000000,4,150,300000,30000000,10,150
APAC,CommodityFuture,DCP,250000,5000000,4,200,300000,30000000,10,200
APAC,CommodityFuture,DSA,350000,5000000,4,300,300000,30000000,10,300
APAC,CommodityFuture,DSB,150000,5000000,4,200,300000,30000000,10,200
APAC,CommodityFuture,DSM,200000,5000000,4,400,300000,30000000,10,400
APAC,IndexFuture,ES,1000000,1000000,10,10,30000000,30000000,10,30
APAC,IndexFuture,FFI,1000000,1000000,10,10,30000000,30000000,30,30
APAC,IndexFuture,FKLI,1000000,1000000,10,10,30000000,30000000,30,30
APAC,BondFuture,FV,2300000,2300000,45,45,30000000,30000000,30,30
APAC,IndexFuture,GIF,1000000,1000000,15,15,30000000,30000000,30,100
APAC,IndexFuture,HCEI,1000000,1040000,15,20,30000000,30000000,100,30
APAC,IndexFuture,HSI,1000000,1070000,10,6,30000000,30000000,30,30
APAC,CommodityFuture,ILU,100000,5000000,4,100,300000,30000000,30,100
APAC,CommodityFuture,ISC,100000,5000000,4,30,300000,30000000,10,30
APAC,BondFuture,JGB,4200000,15710000,10,10,30000000,30000000,10,30
APAC,IndexFuture,JNI,1100000,2600000,10,10,30000000,30000000,30,30
APAC,IndexFuture,JTI,1000000,1840000,10,10,30000000,30000000,30,30
APAC,IndexFuture,KS,1000000,1570000,10,20,30000000,30000000,30,30
APAC,BondFuture,KTB,5000000,5000000,100,100,30000000,30000000,30,30
APAC,IndexFuture,S50,1000000,1000000,15,15,30000000,30000000,30,100
APAC,IndexFuture,SFC,1000000,310000,15,20,30000000,30000000,100,30
APAC,CommodityFuture,SIBC,300000,5000000,4,70,300000,30000000,30,70
APAC,IndexFuture,SIN,1000000,1000000,15,15,30000000,30000000,10,100
APAC,CommodityFuture,SINR,150000,5000000,4,40,300000,30000000,100,40
APAC,IndexFuture,SSG,1000000,490000,15,20,30000000,30000000,10,100
APAC,IndexFuture,SSI,1000000,1000000,10,10,30000000,30000000,100,30
APAC,IndexFuture,STWN,1000000,1000000,10,10,30000000,30000000,30,30
APAC,IndexFuture,STXE,1000000,1000000,10,10,30000000,30000000,30,30
APAC,BondFuture,TN,2300000,2300000,100,100,30000000,30000000,30,30
APAC,BondFuture,TU,5000000,5000000,80,80,30000000,30000000,30,30
APAC,IndexFuture,TX,1000000,4500000,10,95,30000000,30000000,30,100
APAC,BondFuture,TY,2300000,2300000,306,306,30000000,30000000,30,30
APAC,BondFuture,US,2300000,2300000,73,73,30000000,30000000,30,30
APAC,IndexFuture,YAP,1000000,2820000,10,20,30000000,30000000,30,30
APAC,BondFuture,YTC,2300000,2300000,100,100,30000000,30000000,30,30
APAC,BondFuture,YTT,5000000,5000000,100,100,30000000,30000000,30,30
EMEA,IndexFuture,AEX,1000000,1000000,10,10,45000000,45000000,30,50
EMEA,IndexFuture,ALSI,1000000,1000000,10,10,45000000,45000000,50,50
EMEA,BondFuture,AUL,2300000,2300000,45,45,45000000,45000000,50,50
EMEA,CommodityFuture,BO,150000,150000,3,3,45000000,45000000,50,50
EMEA,CommodityFuture,BZZ,350000,350000,4,4,45000000,45000000,50,50
EMEA,CommodityFuture,C,800000,800000,25,25,45000000,45000000,50,50
EMEA,CommodityFuture,CC,150000,150000,4,4,45000000,45000000,50,50
EMEA,BondFuture,CGB,2300000,2300000,100,100,45000000,45000000,50,50
EMEA,BondFuture,CGF,1000000,100000,8,8,45000000,45000000,50,50
EMEA,CommodityFuture,CL,450000,450000,5,5,45000000,45000000,50,50
EMEA,CommodityFuture,CT,200000,200000,3,3,45000000,45000000,50,50
EMEA,IndexFuture,ES,1000000,1000000,10,10,45000000,45000000,50,50
EMEA,BondFuture,FBTP,2300000,2300000,21,21,45000000,45000000,50,50
EMEA,BondFuture,FBTS,5000000,5000000,26,26,45000000,45000000,50,50
EMEA,CommodityFuture,FC,350000,350000,4,4,45000000,45000000,50,50
EMEA,IndexFuture,FCE,1000000,1000000,10,10,45000000,45000000,50,50
EMEA,IndexFuture,FDX,2000000,2000000,10,10,45000000,45000000,50,50
EMEA,IndexFuture,FFI,1000000,1000000,10,10,45000000,45000000,50,50
EMEA,BondFuture,FGBL,2300000,2300000,147,147,45000000,45000000,50,50
EMEA,BondFuture,FGBM,2300000,2300000,167,167,45000000,45000000,50,50
EMEA,BondFuture,FGBS,5000000,5000000,110,110,45000000,45000000,50,50
EMEA,BondFuture,FGBX,2300000,2300000,13,13,45000000,45000000,50,50
EMEA,BondFuture,FLG,2300000,2300000,62,62,45000000,45000000,50,50
EMEA,BondFuture,FOAT,2300000,2300000,54,54,45000000,45000000,50,50
EMEA,IndexFuture,FSMI,1700000,1700000,10,10,45000000,45000000,50,50
EMEA,BondFuture,FV,2300000,2300000,45,45,45000000,45000000,50,50
EMEA,VolatilityFuture,FVS,1000000,1000000,50,50,45000000,45000000,50,50
EMEA,CommodityFuture,GC,950000,950000,5,5,45000000,45000000,50,50
EMEA,IndexFuture,HCEI,1000000,1040000,10,20,45000000,45000000,50,50
EMEA,CommodityFuture,HG,350000,350000,3,3,45000000,45000000,50,50
EMEA,CommodityFuture,HO,350000,350000,3,3,45000000,45000000,50,50
EMEA,IndexFuture,HSI,1000000,1070000,10,6,45000000,45000000,50,50
EMEA,IndexFuture,IFS,1000000,1000000,10,10,45000000,45000000,50,50
EMEA,IndexFuture,IND,200000,200000,10,10,45000000,45000000,50,50
EMEA,BondFuture,JGB,4200000,15710000,3,10,45000000,45000000,50,50
EMEA,IndexFuture,JNI,1100000,2600000,10,10,45000000,45000000,50,50
EMEA,IndexFuture,JTI,1000000,1840000,10,10,45000000,45000000,50,50
EMEA,CommodityFuture,KC,400000,400000,4,4,45000000,45000000,50,50
EMEA,CommodityFuture,KW,200000,200000,5,5,45000000,45000000,50,50
EMEA,CommodityFuture,LC,200000,200000,3,3,45000000,45000000,50,50
EMEA,CommodityFuture,LCC,150000,150000,5,5,45000000,45000000,50,50
EMEA,CommodityFuture,LCO,450000,450000,5,5,45000000,45000000,50,50
EMEA,CommodityFuture,LGO,1150000,1150000,15,15,45000000,45000000,50,50
EMEA,CommodityFuture,LH,150000,150000,4,4,45000000,45000000,50,50
EMEA,CommodityFuture,LSU,100000,100000,3,3,45000000,45000000,50,50
EMEA,IndexFuture,MFXI,1000000,1000000,10,10,45000000,45000000,50,50
EMEA,CommodityFuture,NG,150000,150000,3,3,45000000,45000000,50,50
EMEA,CommodityFuture,NGLNM,800000,800000,10,10,45000000,45000000,50,50
EMEA,IndexFuture,OMXS30,1000000,1000000,10,10,45000000,45000000,50,50
EMEA,CommodityFuture,PA,600000,600000,3,3,45000000,45000000,50,50
EMEA,CommodityFuture,PL,150000,150000,3,3,45000000,45000000,50,50
EMEA,CommodityFuture,RB,350000,350000,3,3,45000000,45000000,50,50
EMEA,CommodityFuture,S,350000,350000,5,5,45000000,45000000,50,50
EMEA,CommodityFuture,SB,250000,250000,10,10,45000000,45000000,50,50
EMEA,CommodityFuture,SI,600000,600000,5,5,45000000,45000000,50,50
EMEA,CommodityFuture,SM,150000,150000,3,3,45000000,45000000,50,50
EMEA,IndexFuture,STXE,1000000,1000000,10,10,45000000,45000000,50,50
EMEA,IndexFuture,SXF,1900000,1900000,10,10,45000000,45000000,50,50
EMEA,BondFuture,TN,2300000,2300000,100,100,45000000,45000000,50,50
EMEA,BondFuture,TU,5000000,5000000,80,80,45000000,45000000,50,50
EMEA,BondFuture,TY,2300000,2300000,306,306,45000000,45000000,50,50
EMEA,BondFuture,US,2300000,2300000,73,73,45000000,45000000,50,50
EMEA,VolatilityFuture,VX,1000000,1000000,10,10,45000000,45000000,50,50
EMEA,CommodityFuture,W,150000,150000,3,3,45000000,45000000,50,50
EMEA,IndexFuture,WIN,1000000,1000000,10,10,45000000,45000000,50,50
EMEA,CommodityFuture,WTCL,350000,350000,4,4,45000000,45000000,50,50
EMEA,IndexFuture,YAP,1000000,2820000,10,20,45000000,45000000,50,50
EMEA,BondFuture,YTC,2300000,2300000,100,100,45000000,45000000,50,50
EMEA,CommodityFuture,COI,150000,5000000,4,200,300000,30000000,50,200
EMEA,CommodityFuture,CRSM,200000,5000000,4,400,300000,30000000,10,400
EMEA,CommodityFuture,CTA,350000,5000000,4,1000,300000,30000000,10,1000
EMEA,CommodityFuture,CZPK,300000,5000000,4,90,300000,30000000,10,90
EMEA,CommodityFuture,DBY,150000,5000000,4,200,300000,30000000,10,200
EMEA,CommodityFuture,DCIO,150000,5000000,4,150,300000,30000000,10,150
EMEA,CommodityFuture,DCP,250000,5000000,4,200,300000,30000000,10,200
EMEA,CommodityFuture,DSA,350000,5000000,4,300,300000,30000000,10,300
EMEA,CommodityFuture,DSB,150000,5000000,4,200,300000,30000000,10,200
EMEA,CommodityFuture,DSM,200000,5000000,4,400,300000,30000000,10,400
EMEA,CommodityFuture,ILU,100000,5000000,4,100,300000,30000000,10,100
EMEA,CommodityFuture,ISC,100000,5000000,4,30,300000,30000000,10,30
EMEA,CommodityFuture,SIBC,300000,5000000,4,70,300000,30000000,10,70
EMEA,CommodityFuture,SINR,150000,5000000,4,40,300000,30000000,10,40
